id,item_group_id,title,description,availability,condition,price,link,image_link,additional_image_link,brand,gtin,mpn,product_type
"11638691529045-55104200048981","11638691529045","Purivelle LotusTap – Massagehammer zur Klopfmassage - Pink – neues Modell","Sanftes Klopfen für eine wohltuende Auszeit. Der Massagehammer in Lotus-Form verteilt rhythmische, sanfte Klopfbewegungen über Rücken, Schultern und Beine – für eine entspannende Selbstmassage zuhause. Leicht, handlich und ideal für die tägliche Wohlfühl-Routine. Hinweis: Wellness-Produkt, kein Medizinprodukt. Bei gesundheitlichen Beschwerden bitte ärztlichen Rat einholen.","in stock","new","26.99 EUR","https://purivelle.store/products/lotustap-massagehammer?variant=55104200048981","https://cdn.shopify.com/s/files/1/1082/2968/9685/files/hf_20260924_210230_b4574300-ce3e-45e7-811f-b2b5aeb4fc1f.png?v=1790283858","https://cdn.shopify.com/s/files/1/1082/2968/9685/files/hf_20260924_210230_67f37d1b-4b0a-432d-aaab-5359d31c894b.png?v=1790283858,https://cdn.shopify.com/s/files/1/1082/2968/9685/files/hf_20260924_210230_379196d0-482e-4eaa-aeef-2ace9b9afbb8.png?v=1790283858,https://cdn.shopify.com/s/files/1/1082/2968/9685/files/hf_20260924_210231_11f342af-47f0-496a-ac72-5ddbf94d4c54.png?v=1790283858,https://cdn.shopify.com/s/files/1/1082/2968/9685/files/hf_20260924_210301_3c756e27-cfe8-4fdc-a0db-35244499ca15.png?v=1790283858,https://cdn.shopify.com/s/files/1/1082/2968/9685/files/hf_20260924_210230_2dbf35cf-6943-4d7d-8541-3fca7e270b48.png?v=1790283858,https://cdn.shopify.com/s/files/1/1082/2968/9685/files/hf_20260924_210302_60506008-55d8-4d7e-813f-a9f3a45709df.png?v=1790283858,https://cdn.shopify.com/s/files/1/1082/2968/9685/files/hf_20260924_210302_cefc837d-9944-4288-8754-6a7b215d0b86.png?v=1790283858,https://cdn.shopify.com/s/files/1/1082/2968/9685/files/O1CN0199VD0yjHrzF32pKq__2122073258-0-cib.jpg?v=1790282185,https://cdn.shopify.com/s/files/1/1082/2968/9685/files/O1CN016sKnacD2q0H1chua__2122073258-0-cib.jpg?v=1790282186,https://cdn.shopify.com/s/files/1/1082/2968/9685/files/O1CN01issqy6HQ9TI1chua__2122073258-0-cib.jpg?v=1790282185","DSFulfill","","6294893274502",""
"11638691529045-55104200081749","11638691529045","Purivelle LotusTap – Massagehammer zur Klopfmassage - Blau – neues Modell","Sanftes Klopfen für eine wohltuende Auszeit. Der Massagehammer in Lotus-Form verteilt rhythmische, sanfte Klopfbewegungen über Rücken, Schultern und Beine – für eine entspannende Selbstmassage zuhause. Leicht, handlich und ideal für die tägliche Wohlfühl-Routine. Hinweis: Wellness-Produkt, kein Medizinprodukt. Bei gesundheitlichen Beschwerden bitte ärztlichen Rat einholen.","in stock","new","26.99 EUR","https://purivelle.store/products/lotustap-massagehammer?variant=55104200081749","https://cdn.shopify.com/s/files/1/1082/2968/9685/files/hf_20260924_210302_60506008-55d8-4d7e-813f-a9f3a45709df.png?v=1790283858","https://cdn.shopify.com/s/files/1/1082/2968/9685/files/hf_20260924_210230_67f37d1b-4b0a-432d-aaab-5359d31c894b.png?v=1790283858,https://cdn.shopify.com/s/files/1/1082/2968/9685/files/hf_20260924_210230_379196d0-482e-4eaa-aeef-2ace9b9afbb8.png?v=1790283858,https://cdn.shopify.com/s/files/1/1082/2968/9685/files/hf_20260924_210231_11f342af-47f0-496a-ac72-5ddbf94d4c54.png?v=1790283858,https://cdn.shopify.com/s/files/1/1082/2968/9685/files/hf_20260924_210301_3c756e27-cfe8-4fdc-a0db-35244499ca15.png?v=1790283858,https://cdn.shopify.com/s/files/1/1082/2968/9685/files/hf_20260924_210230_2dbf35cf-6943-4d7d-8541-3fca7e270b48.png?v=1790283858,https://cdn.shopify.com/s/files/1/1082/2968/9685/files/hf_20260924_210230_b4574300-ce3e-45e7-811f-b2b5aeb4fc1f.png?v=1790283858,https://cdn.shopify.com/s/files/1/1082/2968/9685/files/hf_20260924_210302_cefc837d-9944-4288-8754-6a7b215d0b86.png?v=1790283858,https://cdn.shopify.com/s/files/1/1082/2968/9685/files/O1CN0199VD0yjHrzF32pKq__2122073258-0-cib.jpg?v=1790282185,https://cdn.shopify.com/s/files/1/1082/2968/9685/files/O1CN016sKnacD2q0H1chua__2122073258-0-cib.jpg?v=1790282186,https://cdn.shopify.com/s/files/1/1082/2968/9685/files/O1CN01issqy6HQ9TI1chua__2122073258-0-cib.jpg?v=1790282185","DSFulfill","","6294893274503",""
"11638691529045-55104200114517","11638691529045","Purivelle LotusTap – Massagehammer zur Klopfmassage - Pink – klassisches Modell","Sanftes Klopfen für eine wohltuende Auszeit. Der Massagehammer in Lotus-Form verteilt rhythmische, sanfte Klopfbewegungen über Rücken, Schultern und Beine – für eine entspannende Selbstmassage zuhause. Leicht, handlich und ideal für die tägliche Wohlfühl-Routine. Hinweis: Wellness-Produkt, kein Medizinprodukt. Bei gesundheitlichen Beschwerden bitte ärztlichen Rat einholen.","in stock","new","26.99 EUR","https://purivelle.store/products/lotustap-massagehammer?variant=55104200114517","https://cdn.shopify.com/s/files/1/1082/2968/9685/files/hf_20260924_210302_cefc837d-9944-4288-8754-6a7b215d0b86.png?v=1790283858","https://cdn.shopify.com/s/files/1/1082/2968/9685/files/hf_20260924_210230_67f37d1b-4b0a-432d-aaab-5359d31c894b.png?v=1790283858,https://cdn.shopify.com/s/files/1/1082/2968/9685/files/hf_20260924_210230_379196d0-482e-4eaa-aeef-2ace9b9afbb8.png?v=1790283858,https://cdn.shopify.com/s/files/1/1082/2968/9685/files/hf_20260924_210231_11f342af-47f0-496a-ac72-5ddbf94d4c54.png?v=1790283858,https://cdn.shopify.com/s/files/1/1082/2968/9685/files/hf_20260924_210301_3c756e27-cfe8-4fdc-a0db-35244499ca15.png?v=1790283858,https://cdn.shopify.com/s/files/1/1082/2968/9685/files/hf_20260924_210230_2dbf35cf-6943-4d7d-8541-3fca7e270b48.png?v=1790283858,https://cdn.shopify.com/s/files/1/1082/2968/9685/files/hf_20260924_210230_b4574300-ce3e-45e7-811f-b2b5aeb4fc1f.png?v=1790283858,https://cdn.shopify.com/s/files/1/1082/2968/9685/files/hf_20260924_210302_60506008-55d8-4d7e-813f-a9f3a45709df.png?v=1790283858,https://cdn.shopify.com/s/files/1/1082/2968/9685/files/O1CN0199VD0yjHrzF32pKq__2122073258-0-cib.jpg?v=1790282185,https://cdn.shopify.com/s/files/1/1082/2968/9685/files/O1CN016sKnacD2q0H1chua__2122073258-0-cib.jpg?v=1790282186,https://cdn.shopify.com/s/files/1/1082/2968/9685/files/O1CN01issqy6HQ9TI1chua__2122073258-0-cib.jpg?v=1790282185","DSFulfill","","6294893274504",""
"11638691529045-55104200147285","11638691529045","Purivelle LotusTap – Massagehammer zur Klopfmassage - Blau – klassisches Modell","Sanftes Klopfen für eine wohltuende Auszeit. Der Massagehammer in Lotus-Form verteilt rhythmische, sanfte Klopfbewegungen über Rücken, Schultern und Beine – für eine entspannende Selbstmassage zuhause. Leicht, handlich und ideal für die tägliche Wohlfühl-Routine. Hinweis: Wellness-Produkt, kein Medizinprodukt. Bei gesundheitlichen Beschwerden bitte ärztlichen Rat einholen.","in stock","new","26.99 EUR","https://purivelle.store/products/lotustap-massagehammer?variant=55104200147285","https://cdn.shopify.com/s/files/1/1082/2968/9685/files/hf_20260924_210302_cefc837d-9944-4288-8754-6a7b215d0b86.png?v=1790283858","https://cdn.shopify.com/s/files/1/1082/2968/9685/files/hf_20260924_210230_67f37d1b-4b0a-432d-aaab-5359d31c894b.png?v=1790283858,https://cdn.shopify.com/s/files/1/1082/2968/9685/files/hf_20260924_210230_379196d0-482e-4eaa-aeef-2ace9b9afbb8.png?v=1790283858,https://cdn.shopify.com/s/files/1/1082/2968/9685/files/hf_20260924_210231_11f342af-47f0-496a-ac72-5ddbf94d4c54.png?v=1790283858,https://cdn.shopify.com/s/files/1/1082/2968/9685/files/hf_20260924_210301_3c756e27-cfe8-4fdc-a0db-35244499ca15.png?v=1790283858,https://cdn.shopify.com/s/files/1/1082/2968/9685/files/hf_20260924_210230_2dbf35cf-6943-4d7d-8541-3fca7e270b48.png?v=1790283858,https://cdn.shopify.com/s/files/1/1082/2968/9685/files/hf_20260924_210230_b4574300-ce3e-45e7-811f-b2b5aeb4fc1f.png?v=1790283858,https://cdn.shopify.com/s/files/1/1082/2968/9685/files/hf_20260924_210302_60506008-55d8-4d7e-813f-a9f3a45709df.png?v=1790283858,https://cdn.shopify.com/s/files/1/1082/2968/9685/files/O1CN0199VD0yjHrzF32pKq__2122073258-0-cib.jpg?v=1790282185,https://cdn.shopify.com/s/files/1/1082/2968/9685/files/O1CN016sKnacD2q0H1chua__2122073258-0-cib.jpg?v=1790282186,https://cdn.shopify.com/s/files/1/1082/2968/9685/files/O1CN01issqy6HQ9TI1chua__2122073258-0-cib.jpg?v=1790282185","DSFulfill","","6294893274505",""
"11638660890965-55103839994197","11638660890965","Purivelle BackEase – Rückengurt mit atmungsaktivem Mesh - Schwarz – ohne Polster / S (Taille 60–83 cm)","Angenehmer Halt für den unteren Rücken im Alltag. Der atmungsaktive Mesh-Gurt liegt eng am unteren Rücken an und sorgt für ein angenehmes Halt- und Wärmegefühl – beim Stehen, im Haushalt oder an langen Arbeitstagen. Verstellbarer Klettverschluss für eine individuelle Passform, erhältlich in S bis XL – wahlweise mit herausnehmbarem Polster. Hinweis: Wellness-Produkt, kein Medizinprodukt. Ersetzt keine medizinische Bandage oder Orthese. Bei gesundheitlichen Beschwerden bitte ärztlichen Rat einholen.","in stock","new","56.99 EUR","https://purivelle.store/products/backease-rueckenguertel?variant=55103839994197","https://cdn.shopify.com/s/files/1/1082/2968/9685/files/hf_20260924_211930_a34f2b01-6a1e-40d2-9fc3-ff3ebc1ea311.png?v=1790285253","https://cdn.shopify.com/s/files/1/1082/2968/9685/files/hf_20260924_212002_72d0719c-4e69-4e79-a201-ea6533146a26.png?v=1790285253,https://cdn.shopify.com/s/files/1/1082/2968/9685/files/hf_20260924_211930_4b0f9133-871f-4ac7-a93f-68ebb720b056.png?v=1790285253,https://cdn.shopify.com/s/files/1/1082/2968/9685/files/hf_20260924_211930_2357a66a-0ff0-4cfe-9684-3f30e762331e.png?v=1790285254,https://cdn.shopify.com/s/files/1/1082/2968/9685/files/hf_20260924_211931_7534ace2-906a-4b5a-8260-a905e5f4fe70.png?v=1790285253,https://cdn.shopify.com/s/files/1/1082/2968/9685/files/hf_20260924_211931_8f0a08fb-7465-40fb-99e2-2bc7b96968ce.png?v=1790285253,https://cdn.shopify.com/s/files/1/1082/2968/9685/files/hf_20260924_211930_bf102983-224e-4cfa-b360-7658ff41d86c.png?v=1790285253,https://cdn.shopify.com/s/files/1/1082/2968/9685/files/O1CN01LBUQ4O1P1kXuYhljS__2218923651781-0-cib.jpg?v=1790279620,https://cdn.shopify.com/s/files/1/1082/2968/9685/files/O1CN01jXctbq1P1kQyqjaxV__2218923651781-0-cib.jpg?v=1790279620,https://cdn.shopify.com/s/files/1/1082/2968/9685/files/O1CN01BJcoyI1P1kQZQVaJm__2218923651781-0-cib.jpg?v=1790279620,https://cdn.shopify.com/s/files/1/1082/2968/9685/files/O1CN01MX88dz1P1kQTJfjJF__2218923651781-0-cib.jpg?v=1790279620","DSFulfill","","5841182583921","Rückengurt"
"11638660890965-55103840026965","11638660890965","Purivelle BackEase – Rückengurt mit atmungsaktivem Mesh - Schwarz – ohne Polster / M (Taille 77–93 cm)","Angenehmer Halt für den unteren Rücken im Alltag. Der atmungsaktive Mesh-Gurt liegt eng am unteren Rücken an und sorgt für ein angenehmes Halt- und Wärmegefühl – beim Stehen, im Haushalt oder an langen Arbeitstagen. Verstellbarer Klettverschluss für eine individuelle Passform, erhältlich in S bis XL – wahlweise mit herausnehmbarem Polster. Hinweis: Wellness-Produkt, kein Medizinprodukt. Ersetzt keine medizinische Bandage oder Orthese. Bei gesundheitlichen Beschwerden bitte ärztlichen Rat einholen.","in stock","new","56.99 EUR","https://purivelle.store/products/backease-rueckenguertel?variant=55103840026965","https://cdn.shopify.com/s/files/1/1082/2968/9685/files/hf_20260924_211930_a34f2b01-6a1e-40d2-9fc3-ff3ebc1ea311.png?v=1790285253","https://cdn.shopify.com/s/files/1/1082/2968/9685/files/hf_20260924_212002_72d0719c-4e69-4e79-a201-ea6533146a26.png?v=1790285253,https://cdn.shopify.com/s/files/1/1082/2968/9685/files/hf_20260924_211930_4b0f9133-871f-4ac7-a93f-68ebb720b056.png?v=1790285253,https://cdn.shopify.com/s/files/1/1082/2968/9685/files/hf_20260924_211930_2357a66a-0ff0-4cfe-9684-3f30e762331e.png?v=1790285254,https://cdn.shopify.com/s/files/1/1082/2968/9685/files/hf_20260924_211931_7534ace2-906a-4b5a-8260-a905e5f4fe70.png?v=1790285253,https://cdn.shopify.com/s/files/1/1082/2968/9685/files/hf_20260924_211931_8f0a08fb-7465-40fb-99e2-2bc7b96968ce.png?v=1790285253,https://cdn.shopify.com/s/files/1/1082/2968/9685/files/hf_20260924_211930_bf102983-224e-4cfa-b360-7658ff41d86c.png?v=1790285253,https://cdn.shopify.com/s/files/1/1082/2968/9685/files/O1CN01LBUQ4O1P1kXuYhljS__2218923651781-0-cib.jpg?v=1790279620,https://cdn.shopify.com/s/files/1/1082/2968/9685/files/O1CN01jXctbq1P1kQyqjaxV__2218923651781-0-cib.jpg?v=1790279620,https://cdn.shopify.com/s/files/1/1082/2968/9685/files/O1CN01BJcoyI1P1kQZQVaJm__2218923651781-0-cib.jpg?v=1790279620,https://cdn.shopify.com/s/files/1/1082/2968/9685/files/O1CN01MX88dz1P1kQTJfjJF__2218923651781-0-cib.jpg?v=1790279620","DSFulfill","","5841182583922","Rückengurt"
"11638660890965-55103840059733","11638660890965","Purivelle BackEase – Rückengurt mit atmungsaktivem Mesh - Schwarz – ohne Polster / L (Taille 90–103 cm)","Angenehmer Halt für den unteren Rücken im Alltag. Der atmungsaktive Mesh-Gurt liegt eng am unteren Rücken an und sorgt für ein angenehmes Halt- und Wärmegefühl – beim Stehen, im Haushalt oder an langen Arbeitstagen. Verstellbarer Klettverschluss für eine individuelle Passform, erhältlich in S bis XL – wahlweise mit herausnehmbarem Polster. Hinweis: Wellness-Produkt, kein Medizinprodukt. Ersetzt keine medizinische Bandage oder Orthese. Bei gesundheitlichen Beschwerden bitte ärztlichen Rat einholen.","in stock","new","56.99 EUR","https://purivelle.store/products/backease-rueckenguertel?variant=55103840059733","https://cdn.shopify.com/s/files/1/1082/2968/9685/files/hf_20260924_211930_a34f2b01-6a1e-40d2-9fc3-ff3ebc1ea311.png?v=1790285253","https://cdn.shopify.com/s/files/1/1082/2968/9685/files/hf_20260924_212002_72d0719c-4e69-4e79-a201-ea6533146a26.png?v=1790285253,https://cdn.shopify.com/s/files/1/1082/2968/9685/files/hf_20260924_211930_4b0f9133-871f-4ac7-a93f-68ebb720b056.png?v=1790285253,https://cdn.shopify.com/s/files/1/1082/2968/9685/files/hf_20260924_211930_2357a66a-0ff0-4cfe-9684-3f30e762331e.png?v=1790285254,https://cdn.shopify.com/s/files/1/1082/2968/9685/files/hf_20260924_211931_7534ace2-906a-4b5a-8260-a905e5f4fe70.png?v=1790285253,https://cdn.shopify.com/s/files/1/1082/2968/9685/files/hf_20260924_211931_8f0a08fb-7465-40fb-99e2-2bc7b96968ce.png?v=1790285253,https://cdn.shopify.com/s/files/1/1082/2968/9685/files/hf_20260924_211930_bf102983-224e-4cfa-b360-7658ff41d86c.png?v=1790285253,https://cdn.shopify.com/s/files/1/1082/2968/9685/files/O1CN01LBUQ4O1P1kXuYhljS__2218923651781-0-cib.jpg?v=1790279620,https://cdn.shopify.com/s/files/1/1082/2968/9685/files/O1CN01jXctbq1P1kQyqjaxV__2218923651781-0-cib.jpg?v=1790279620,https://cdn.shopify.com/s/files/1/1082/2968/9685/files/O1CN01BJcoyI1P1kQZQVaJm__2218923651781-0-cib.jpg?v=1790279620,https://cdn.shopify.com/s/files/1/1082/2968/9685/files/O1CN01MX88dz1P1kQTJfjJF__2218923651781-0-cib.jpg?v=1790279620","DSFulfill","","5841182583923","Rückengurt"
"11638660890965-55103840092501","11638660890965","Purivelle BackEase – Rückengurt mit atmungsaktivem Mesh - Schwarz – ohne Polster / XL (Taille 100–110 cm)","Angenehmer Halt für den unteren Rücken im Alltag. Der atmungsaktive Mesh-Gurt liegt eng am unteren Rücken an und sorgt für ein angenehmes Halt- und Wärmegefühl – beim Stehen, im Haushalt oder an langen Arbeitstagen. Verstellbarer Klettverschluss für eine individuelle Passform, erhältlich in S bis XL – wahlweise mit herausnehmbarem Polster. Hinweis: Wellness-Produkt, kein Medizinprodukt. Ersetzt keine medizinische Bandage oder Orthese. Bei gesundheitlichen Beschwerden bitte ärztlichen Rat einholen.","in stock","new","56.99 EUR","https://purivelle.store/products/backease-rueckenguertel?variant=55103840092501","https://cdn.shopify.com/s/files/1/1082/2968/9685/files/hf_20260924_211930_a34f2b01-6a1e-40d2-9fc3-ff3ebc1ea311.png?v=1790285253","https://cdn.shopify.com/s/files/1/1082/2968/9685/files/hf_20260924_212002_72d0719c-4e69-4e79-a201-ea6533146a26.png?v=1790285253,https://cdn.shopify.com/s/files/1/1082/2968/9685/files/hf_20260924_211930_4b0f9133-871f-4ac7-a93f-68ebb720b056.png?v=1790285253,https://cdn.shopify.com/s/files/1/1082/2968/9685/files/hf_20260924_211930_2357a66a-0ff0-4cfe-9684-3f30e762331e.png?v=1790285254,https://cdn.shopify.com/s/files/1/1082/2968/9685/files/hf_20260924_211931_7534ace2-906a-4b5a-8260-a905e5f4fe70.png?v=1790285253,https://cdn.shopify.com/s/files/1/1082/2968/9685/files/hf_20260924_211931_8f0a08fb-7465-40fb-99e2-2bc7b96968ce.png?v=1790285253,https://cdn.shopify.com/s/files/1/1082/2968/9685/files/hf_20260924_211930_bf102983-224e-4cfa-b360-7658ff41d86c.png?v=1790285253,https://cdn.shopify.com/s/files/1/1082/2968/9685/files/O1CN01LBUQ4O1P1kXuYhljS__2218923651781-0-cib.jpg?v=1790279620,https://cdn.shopify.com/s/files/1/1082/2968/9685/files/O1CN01jXctbq1P1kQyqjaxV__2218923651781-0-cib.jpg?v=1790279620,https://cdn.shopify.com/s/files/1/1082/2968/9685/files/O1CN01BJcoyI1P1kQZQVaJm__2218923651781-0-cib.jpg?v=1790279620,https://cdn.shopify.com/s/files/1/1082/2968/9685/files/O1CN01MX88dz1P1kQTJfjJF__2218923651781-0-cib.jpg?v=1790279620","DSFulfill","","5841182583924","Rückengurt"
"11638660890965-55103840125269","11638660890965","Purivelle BackEase – Rückengurt mit atmungsaktivem Mesh - Schwarz – mit Plüsch-Polster / S (Taille 60–83 cm)","Angenehmer Halt für den unteren Rücken im Alltag. Der atmungsaktive Mesh-Gurt liegt eng am unteren Rücken an und sorgt für ein angenehmes Halt- und Wärmegefühl – beim Stehen, im Haushalt oder an langen Arbeitstagen. Verstellbarer Klettverschluss für eine individuelle Passform, erhältlich in S bis XL – wahlweise mit herausnehmbarem Polster. Hinweis: Wellness-Produkt, kein Medizinprodukt. Ersetzt keine medizinische Bandage oder Orthese. Bei gesundheitlichen Beschwerden bitte ärztlichen Rat einholen.","in stock","new","56.99 EUR","https://purivelle.store/products/backease-rueckenguertel?variant=55103840125269","https://cdn.shopify.com/s/files/1/1082/2968/9685/files/hf_20260924_211930_a34f2b01-6a1e-40d2-9fc3-ff3ebc1ea311.png?v=1790285253","https://cdn.shopify.com/s/files/1/1082/2968/9685/files/hf_20260924_212002_72d0719c-4e69-4e79-a201-ea6533146a26.png?v=1790285253,https://cdn.shopify.com/s/files/1/1082/2968/9685/files/hf_20260924_211930_4b0f9133-871f-4ac7-a93f-68ebb720b056.png?v=1790285253,https://cdn.shopify.com/s/files/1/1082/2968/9685/files/hf_20260924_211930_2357a66a-0ff0-4cfe-9684-3f30e762331e.png?v=1790285254,https://cdn.shopify.com/s/files/1/1082/2968/9685/files/hf_20260924_211931_7534ace2-906a-4b5a-8260-a905e5f4fe70.png?v=1790285253,https://cdn.shopify.com/s/files/1/1082/2968/9685/files/hf_20260924_211931_8f0a08fb-7465-40fb-99e2-2bc7b96968ce.png?v=1790285253,https://cdn.shopify.com/s/files/1/1082/2968/9685/files/hf_20260924_211930_bf102983-224e-4cfa-b360-7658ff41d86c.png?v=1790285253,https://cdn.shopify.com/s/files/1/1082/2968/9685/files/O1CN01LBUQ4O1P1kXuYhljS__2218923651781-0-cib.jpg?v=1790279620,https://cdn.shopify.com/s/files/1/1082/2968/9685/files/O1CN01jXctbq1P1kQyqjaxV__2218923651781-0-cib.jpg?v=1790279620,https://cdn.shopify.com/s/files/1/1082/2968/9685/files/O1CN01BJcoyI1P1kQZQVaJm__2218923651781-0-cib.jpg?v=1790279620,https://cdn.shopify.com/s/files/1/1082/2968/9685/files/O1CN01MX88dz1P1kQTJfjJF__2218923651781-0-cib.jpg?v=1790279620","DSFulfill","","6222684898045","Rückengurt"
"11638660890965-55103840158037","11638660890965","Purivelle BackEase – Rückengurt mit atmungsaktivem Mesh - Schwarz – mit Plüsch-Polster / M (Taille 77–93 cm)","Angenehmer Halt für den unteren Rücken im Alltag. Der atmungsaktive Mesh-Gurt liegt eng am unteren Rücken an und sorgt für ein angenehmes Halt- und Wärmegefühl – beim Stehen, im Haushalt oder an langen Arbeitstagen. Verstellbarer Klettverschluss für eine individuelle Passform, erhältlich in S bis XL – wahlweise mit herausnehmbarem Polster. Hinweis: Wellness-Produkt, kein Medizinprodukt. Ersetzt keine medizinische Bandage oder Orthese. Bei gesundheitlichen Beschwerden bitte ärztlichen Rat einholen.","in stock","new","56.99 EUR","https://purivelle.store/products/backease-rueckenguertel?variant=55103840158037","https://cdn.shopify.com/s/files/1/1082/2968/9685/files/hf_20260924_211930_a34f2b01-6a1e-40d2-9fc3-ff3ebc1ea311.png?v=1790285253","https://cdn.shopify.com/s/files/1/1082/2968/9685/files/hf_20260924_212002_72d0719c-4e69-4e79-a201-ea6533146a26.png?v=1790285253,https://cdn.shopify.com/s/files/1/1082/2968/9685/files/hf_20260924_211930_4b0f9133-871f-4ac7-a93f-68ebb720b056.png?v=1790285253,https://cdn.shopify.com/s/files/1/1082/2968/9685/files/hf_20260924_211930_2357a66a-0ff0-4cfe-9684-3f30e762331e.png?v=1790285254,https://cdn.shopify.com/s/files/1/1082/2968/9685/files/hf_20260924_211931_7534ace2-906a-4b5a-8260-a905e5f4fe70.png?v=1790285253,https://cdn.shopify.com/s/files/1/1082/2968/9685/files/hf_20260924_211931_8f0a08fb-7465-40fb-99e2-2bc7b96968ce.png?v=1790285253,https://cdn.shopify.com/s/files/1/1082/2968/9685/files/hf_20260924_211930_bf102983-224e-4cfa-b360-7658ff41d86c.png?v=1790285253,https://cdn.shopify.com/s/files/1/1082/2968/9685/files/O1CN01LBUQ4O1P1kXuYhljS__2218923651781-0-cib.jpg?v=1790279620,https://cdn.shopify.com/s/files/1/1082/2968/9685/files/O1CN01jXctbq1P1kQyqjaxV__2218923651781-0-cib.jpg?v=1790279620,https://cdn.shopify.com/s/files/1/1082/2968/9685/files/O1CN01BJcoyI1P1kQZQVaJm__2218923651781-0-cib.jpg?v=1790279620,https://cdn.shopify.com/s/files/1/1082/2968/9685/files/O1CN01MX88dz1P1kQTJfjJF__2218923651781-0-cib.jpg?v=1790279620","DSFulfill","","6222684898043","Rückengurt"
"11638660890965-55103840190805","11638660890965","Purivelle BackEase – Rückengurt mit atmungsaktivem Mesh - Schwarz – mit Plüsch-Polster / L (Taille 90–103 cm)","Angenehmer Halt für den unteren Rücken im Alltag. Der atmungsaktive Mesh-Gurt liegt eng am unteren Rücken an und sorgt für ein angenehmes Halt- und Wärmegefühl – beim Stehen, im Haushalt oder an langen Arbeitstagen. Verstellbarer Klettverschluss für eine individuelle Passform, erhältlich in S bis XL – wahlweise mit herausnehmbarem Polster. Hinweis: Wellness-Produkt, kein Medizinprodukt. Ersetzt keine medizinische Bandage oder Orthese. Bei gesundheitlichen Beschwerden bitte ärztlichen Rat einholen.","in stock","new","56.99 EUR","https://purivelle.store/products/backease-rueckenguertel?variant=55103840190805","https://cdn.shopify.com/s/files/1/1082/2968/9685/files/hf_20260924_211930_a34f2b01-6a1e-40d2-9fc3-ff3ebc1ea311.png?v=1790285253","https://cdn.shopify.com/s/files/1/1082/2968/9685/files/hf_20260924_212002_72d0719c-4e69-4e79-a201-ea6533146a26.png?v=1790285253,https://cdn.shopify.com/s/files/1/1082/2968/9685/files/hf_20260924_211930_4b0f9133-871f-4ac7-a93f-68ebb720b056.png?v=1790285253,https://cdn.shopify.com/s/files/1/1082/2968/9685/files/hf_20260924_211930_2357a66a-0ff0-4cfe-9684-3f30e762331e.png?v=1790285254,https://cdn.shopify.com/s/files/1/1082/2968/9685/files/hf_20260924_211931_7534ace2-906a-4b5a-8260-a905e5f4fe70.png?v=1790285253,https://cdn.shopify.com/s/files/1/1082/2968/9685/files/hf_20260924_211931_8f0a08fb-7465-40fb-99e2-2bc7b96968ce.png?v=1790285253,https://cdn.shopify.com/s/files/1/1082/2968/9685/files/hf_20260924_211930_bf102983-224e-4cfa-b360-7658ff41d86c.png?v=1790285253,https://cdn.shopify.com/s/files/1/1082/2968/9685/files/O1CN01LBUQ4O1P1kXuYhljS__2218923651781-0-cib.jpg?v=1790279620,https://cdn.shopify.com/s/files/1/1082/2968/9685/files/O1CN01jXctbq1P1kQyqjaxV__2218923651781-0-cib.jpg?v=1790279620,https://cdn.shopify.com/s/files/1/1082/2968/9685/files/O1CN01BJcoyI1P1kQZQVaJm__2218923651781-0-cib.jpg?v=1790279620,https://cdn.shopify.com/s/files/1/1082/2968/9685/files/O1CN01MX88dz1P1kQTJfjJF__2218923651781-0-cib.jpg?v=1790279620","DSFulfill","","6222684898046","Rückengurt"
"11638660890965-55103840223573","11638660890965","Purivelle BackEase – Rückengurt mit atmungsaktivem Mesh - Schwarz – mit Plüsch-Polster / XL (Taille 100–110 cm)","Angenehmer Halt für den unteren Rücken im Alltag. Der atmungsaktive Mesh-Gurt liegt eng am unteren Rücken an und sorgt für ein angenehmes Halt- und Wärmegefühl – beim Stehen, im Haushalt oder an langen Arbeitstagen. Verstellbarer Klettverschluss für eine individuelle Passform, erhältlich in S bis XL – wahlweise mit herausnehmbarem Polster. Hinweis: Wellness-Produkt, kein Medizinprodukt. Ersetzt keine medizinische Bandage oder Orthese. Bei gesundheitlichen Beschwerden bitte ärztlichen Rat einholen.","in stock","new","56.99 EUR","https://purivelle.store/products/backease-rueckenguertel?variant=55103840223573","https://cdn.shopify.com/s/files/1/1082/2968/9685/files/hf_20260924_211930_a34f2b01-6a1e-40d2-9fc3-ff3ebc1ea311.png?v=1790285253","https://cdn.shopify.com/s/files/1/1082/2968/9685/files/hf_20260924_212002_72d0719c-4e69-4e79-a201-ea6533146a26.png?v=1790285253,https://cdn.shopify.com/s/files/1/1082/2968/9685/files/hf_20260924_211930_4b0f9133-871f-4ac7-a93f-68ebb720b056.png?v=1790285253,https://cdn.shopify.com/s/files/1/1082/2968/9685/files/hf_20260924_211930_2357a66a-0ff0-4cfe-9684-3f30e762331e.png?v=1790285254,https://cdn.shopify.com/s/files/1/1082/2968/9685/files/hf_20260924_211931_7534ace2-906a-4b5a-8260-a905e5f4fe70.png?v=1790285253,https://cdn.shopify.com/s/files/1/1082/2968/9685/files/hf_20260924_211931_8f0a08fb-7465-40fb-99e2-2bc7b96968ce.png?v=1790285253,https://cdn.shopify.com/s/files/1/1082/2968/9685/files/hf_20260924_211930_bf102983-224e-4cfa-b360-7658ff41d86c.png?v=1790285253,https://cdn.shopify.com/s/files/1/1082/2968/9685/files/O1CN01LBUQ4O1P1kXuYhljS__2218923651781-0-cib.jpg?v=1790279620,https://cdn.shopify.com/s/files/1/1082/2968/9685/files/O1CN01jXctbq1P1kQyqjaxV__2218923651781-0-cib.jpg?v=1790279620,https://cdn.shopify.com/s/files/1/1082/2968/9685/files/O1CN01BJcoyI1P1kQZQVaJm__2218923651781-0-cib.jpg?v=1790279620,https://cdn.shopify.com/s/files/1/1082/2968/9685/files/O1CN01MX88dz1P1kQTJfjJF__2218923651781-0-cib.jpg?v=1790279620","DSFulfill","","6222684898044","Rückengurt"
"11638660890965-55103840256341","11638660890965","Purivelle BackEase – Rückengurt mit atmungsaktivem Mesh - Schwarz – mit Noppen-Polster / S (Taille 60–83 cm)","Angenehmer Halt für den unteren Rücken im Alltag. Der atmungsaktive Mesh-Gurt liegt eng am unteren Rücken an und sorgt für ein angenehmes Halt- und Wärmegefühl – beim Stehen, im Haushalt oder an langen Arbeitstagen. Verstellbarer Klettverschluss für eine individuelle Passform, erhältlich in S bis XL – wahlweise mit herausnehmbarem Polster. Hinweis: Wellness-Produkt, kein Medizinprodukt. Ersetzt keine medizinische Bandage oder Orthese. Bei gesundheitlichen Beschwerden bitte ärztlichen Rat einholen.","in stock","new","56.99 EUR","https://purivelle.store/products/backease-rueckenguertel?variant=55103840256341","https://cdn.shopify.com/s/files/1/1082/2968/9685/files/hf_20260924_211930_bf102983-224e-4cfa-b360-7658ff41d86c.png?v=1790285253","https://cdn.shopify.com/s/files/1/1082/2968/9685/files/hf_20260924_212002_72d0719c-4e69-4e79-a201-ea6533146a26.png?v=1790285253,https://cdn.shopify.com/s/files/1/1082/2968/9685/files/hf_20260924_211930_4b0f9133-871f-4ac7-a93f-68ebb720b056.png?v=1790285253,https://cdn.shopify.com/s/files/1/1082/2968/9685/files/hf_20260924_211930_2357a66a-0ff0-4cfe-9684-3f30e762331e.png?v=1790285254,https://cdn.shopify.com/s/files/1/1082/2968/9685/files/hf_20260924_211931_7534ace2-906a-4b5a-8260-a905e5f4fe70.png?v=1790285253,https://cdn.shopify.com/s/files/1/1082/2968/9685/files/hf_20260924_211931_8f0a08fb-7465-40fb-99e2-2bc7b96968ce.png?v=1790285253,https://cdn.shopify.com/s/files/1/1082/2968/9685/files/hf_20260924_211930_a34f2b01-6a1e-40d2-9fc3-ff3ebc1ea311.png?v=1790285253,https://cdn.shopify.com/s/files/1/1082/2968/9685/files/O1CN01LBUQ4O1P1kXuYhljS__2218923651781-0-cib.jpg?v=1790279620,https://cdn.shopify.com/s/files/1/1082/2968/9685/files/O1CN01jXctbq1P1kQyqjaxV__2218923651781-0-cib.jpg?v=1790279620,https://cdn.shopify.com/s/files/1/1082/2968/9685/files/O1CN01BJcoyI1P1kQZQVaJm__2218923651781-0-cib.jpg?v=1790279620,https://cdn.shopify.com/s/files/1/1082/2968/9685/files/O1CN01MX88dz1P1kQTJfjJF__2218923651781-0-cib.jpg?v=1790279620","DSFulfill","","5885315622599","Rückengurt"
"11638660890965-55103840289109","11638660890965","Purivelle BackEase – Rückengurt mit atmungsaktivem Mesh - Schwarz – mit Noppen-Polster / M (Taille 77–93 cm)","Angenehmer Halt für den unteren Rücken im Alltag. Der atmungsaktive Mesh-Gurt liegt eng am unteren Rücken an und sorgt für ein angenehmes Halt- und Wärmegefühl – beim Stehen, im Haushalt oder an langen Arbeitstagen. Verstellbarer Klettverschluss für eine individuelle Passform, erhältlich in S bis XL – wahlweise mit herausnehmbarem Polster. Hinweis: Wellness-Produkt, kein Medizinprodukt. Ersetzt keine medizinische Bandage oder Orthese. Bei gesundheitlichen Beschwerden bitte ärztlichen Rat einholen.","in stock","new","56.99 EUR","https://purivelle.store/products/backease-rueckenguertel?variant=55103840289109","https://cdn.shopify.com/s/files/1/1082/2968/9685/files/hf_20260924_211930_bf102983-224e-4cfa-b360-7658ff41d86c.png?v=1790285253","https://cdn.shopify.com/s/files/1/1082/2968/9685/files/hf_20260924_212002_72d0719c-4e69-4e79-a201-ea6533146a26.png?v=1790285253,https://cdn.shopify.com/s/files/1/1082/2968/9685/files/hf_20260924_211930_4b0f9133-871f-4ac7-a93f-68ebb720b056.png?v=1790285253,https://cdn.shopify.com/s/files/1/1082/2968/9685/files/hf_20260924_211930_2357a66a-0ff0-4cfe-9684-3f30e762331e.png?v=1790285254,https://cdn.shopify.com/s/files/1/1082/2968/9685/files/hf_20260924_211931_7534ace2-906a-4b5a-8260-a905e5f4fe70.png?v=1790285253,https://cdn.shopify.com/s/files/1/1082/2968/9685/files/hf_20260924_211931_8f0a08fb-7465-40fb-99e2-2bc7b96968ce.png?v=1790285253,https://cdn.shopify.com/s/files/1/1082/2968/9685/files/hf_20260924_211930_a34f2b01-6a1e-40d2-9fc3-ff3ebc1ea311.png?v=1790285253,https://cdn.shopify.com/s/files/1/1082/2968/9685/files/O1CN01LBUQ4O1P1kXuYhljS__2218923651781-0-cib.jpg?v=1790279620,https://cdn.shopify.com/s/files/1/1082/2968/9685/files/O1CN01jXctbq1P1kQyqjaxV__2218923651781-0-cib.jpg?v=1790279620,https://cdn.shopify.com/s/files/1/1082/2968/9685/files/O1CN01BJcoyI1P1kQZQVaJm__2218923651781-0-cib.jpg?v=1790279620,https://cdn.shopify.com/s/files/1/1082/2968/9685/files/O1CN01MX88dz1P1kQTJfjJF__2218923651781-0-cib.jpg?v=1790279620","DSFulfill","","5885315622597","Rückengurt"
"11638660890965-55103840321877","11638660890965","Purivelle BackEase – Rückengurt mit atmungsaktivem Mesh - Schwarz – mit Noppen-Polster / L (Taille 90–103 cm)","Angenehmer Halt für den unteren Rücken im Alltag. Der atmungsaktive Mesh-Gurt liegt eng am unteren Rücken an und sorgt für ein angenehmes Halt- und Wärmegefühl – beim Stehen, im Haushalt oder an langen Arbeitstagen. Verstellbarer Klettverschluss für eine individuelle Passform, erhältlich in S bis XL – wahlweise mit herausnehmbarem Polster. Hinweis: Wellness-Produkt, kein Medizinprodukt. Ersetzt keine medizinische Bandage oder Orthese. Bei gesundheitlichen Beschwerden bitte ärztlichen Rat einholen.","in stock","new","56.99 EUR","https://purivelle.store/products/backease-rueckenguertel?variant=55103840321877","https://cdn.shopify.com/s/files/1/1082/2968/9685/files/hf_20260924_211930_bf102983-224e-4cfa-b360-7658ff41d86c.png?v=1790285253","https://cdn.shopify.com/s/files/1/1082/2968/9685/files/hf_20260924_212002_72d0719c-4e69-4e79-a201-ea6533146a26.png?v=1790285253,https://cdn.shopify.com/s/files/1/1082/2968/9685/files/hf_20260924_211930_4b0f9133-871f-4ac7-a93f-68ebb720b056.png?v=1790285253,https://cdn.shopify.com/s/files/1/1082/2968/9685/files/hf_20260924_211930_2357a66a-0ff0-4cfe-9684-3f30e762331e.png?v=1790285254,https://cdn.shopify.com/s/files/1/1082/2968/9685/files/hf_20260924_211931_7534ace2-906a-4b5a-8260-a905e5f4fe70.png?v=1790285253,https://cdn.shopify.com/s/files/1/1082/2968/9685/files/hf_20260924_211931_8f0a08fb-7465-40fb-99e2-2bc7b96968ce.png?v=1790285253,https://cdn.shopify.com/s/files/1/1082/2968/9685/files/hf_20260924_211930_a34f2b01-6a1e-40d2-9fc3-ff3ebc1ea311.png?v=1790285253,https://cdn.shopify.com/s/files/1/1082/2968/9685/files/O1CN01LBUQ4O1P1kXuYhljS__2218923651781-0-cib.jpg?v=1790279620,https://cdn.shopify.com/s/files/1/1082/2968/9685/files/O1CN01jXctbq1P1kQyqjaxV__2218923651781-0-cib.jpg?v=1790279620,https://cdn.shopify.com/s/files/1/1082/2968/9685/files/O1CN01BJcoyI1P1kQZQVaJm__2218923651781-0-cib.jpg?v=1790279620,https://cdn.shopify.com/s/files/1/1082/2968/9685/files/O1CN01MX88dz1P1kQTJfjJF__2218923651781-0-cib.jpg?v=1790279620","DSFulfill","","5885315622600","Rückengurt"
"11638660890965-55103840354645","11638660890965","Purivelle BackEase – Rückengurt mit atmungsaktivem Mesh - Schwarz – mit Noppen-Polster / XL (Taille 100–110 cm)","Angenehmer Halt für den unteren Rücken im Alltag. Der atmungsaktive Mesh-Gurt liegt eng am unteren Rücken an und sorgt für ein angenehmes Halt- und Wärmegefühl – beim Stehen, im Haushalt oder an langen Arbeitstagen. Verstellbarer Klettverschluss für eine individuelle Passform, erhältlich in S bis XL – wahlweise mit herausnehmbarem Polster. Hinweis: Wellness-Produkt, kein Medizinprodukt. Ersetzt keine medizinische Bandage oder Orthese. Bei gesundheitlichen Beschwerden bitte ärztlichen Rat einholen.","in stock","new","56.99 EUR","https://purivelle.store/products/backease-rueckenguertel?variant=55103840354645","https://cdn.shopify.com/s/files/1/1082/2968/9685/files/hf_20260924_211930_bf102983-224e-4cfa-b360-7658ff41d86c.png?v=1790285253","https://cdn.shopify.com/s/files/1/1082/2968/9685/files/hf_20260924_212002_72d0719c-4e69-4e79-a201-ea6533146a26.png?v=1790285253,https://cdn.shopify.com/s/files/1/1082/2968/9685/files/hf_20260924_211930_4b0f9133-871f-4ac7-a93f-68ebb720b056.png?v=1790285253,https://cdn.shopify.com/s/files/1/1082/2968/9685/files/hf_20260924_211930_2357a66a-0ff0-4cfe-9684-3f30e762331e.png?v=1790285254,https://cdn.shopify.com/s/files/1/1082/2968/9685/files/hf_20260924_211931_7534ace2-906a-4b5a-8260-a905e5f4fe70.png?v=1790285253,https://cdn.shopify.com/s/files/1/1082/2968/9685/files/hf_20260924_211931_8f0a08fb-7465-40fb-99e2-2bc7b96968ce.png?v=1790285253,https://cdn.shopify.com/s/files/1/1082/2968/9685/files/hf_20260924_211930_a34f2b01-6a1e-40d2-9fc3-ff3ebc1ea311.png?v=1790285253,https://cdn.shopify.com/s/files/1/1082/2968/9685/files/O1CN01LBUQ4O1P1kXuYhljS__2218923651781-0-cib.jpg?v=1790279620,https://cdn.shopify.com/s/files/1/1082/2968/9685/files/O1CN01jXctbq1P1kQyqjaxV__2218923651781-0-cib.jpg?v=1790279620,https://cdn.shopify.com/s/files/1/1082/2968/9685/files/O1CN01BJcoyI1P1kQZQVaJm__2218923651781-0-cib.jpg?v=1790279620,https://cdn.shopify.com/s/files/1/1082/2968/9685/files/O1CN01MX88dz1P1kQTJfjJF__2218923651781-0-cib.jpg?v=1790279620","DSFulfill","","5885315622598","Rückengurt"
"11638660104533-55103833211221","11638660104533","Purivelle FingerFlow – Holz-Massageroller für Finger & Hand - Holz natur","Kleine Massage für Finger und Hand. Der Holzroller mit zwei Walzen gleitet sanft über Finger, Handfläche und Handrücken – eine angenehme Wohlfühl-Pause nach langen Stunden am Schreibtisch oder Handy. Kompakt, geräuschlos und ideal für unterwegs. Hinweis: Wellness-Produkt, kein Medizinprodukt. Bei gesundheitlichen Beschwerden bitte ärztlichen Rat einholen.","in stock","new","27.99 EUR","https://purivelle.store/products/fingerflow-handroller?variant=55103833211221","https://cdn.shopify.com/s/files/1/1082/2968/9685/files/hf_20260924_201752_25d66651-c961-4f51-8eee-61733e0781d8.png?v=1790281292","https://cdn.shopify.com/s/files/1/1082/2968/9685/files/hf_20260924_201721_9cd9fbd8-fc7c-4993-ad71-7e0173b30b00.png?v=1790281292,https://cdn.shopify.com/s/files/1/1082/2968/9685/files/hf_20260924_201721_39f59a6d-4f8a-40fe-9d4c-4794a70483a7.png?v=1790281293,https://cdn.shopify.com/s/files/1/1082/2968/9685/files/hf_20260924_201721_61672355-215a-485e-9a27-54b5c0e644e6.png?v=1790281292,https://cdn.shopify.com/s/files/1/1082/2968/9685/files/hf_20260924_201833_4529bac5-7d36-436e-a978-e38d886a7933.png?v=1790281292,https://cdn.shopify.com/s/files/1/1082/2968/9685/files/hf_20260924_201833_c4fe89a0-a492-4c9f-a915-c59362587d88.png?v=1790281292,https://cdn.shopify.com/s/files/1/1082/2968/9685/files/hf_20260924_201752_18bcaeb0-bb50-4427-ba02-bcc8c9552736.png?v=1790281293,https://cdn.shopify.com/s/files/1/1082/2968/9685/files/O1CN01OSoRf81kn1Ljo3ncp__2216250414727-0-cib.jpg?v=1790279516,https://cdn.shopify.com/s/files/1/1082/2968/9685/files/O1CN0119GroJ1kn1LoaurRo__2216250414727-0-cib.jpg?v=1790279517,https://cdn.shopify.com/s/files/1/1082/2968/9685/files/O1CN019bZ5oZ1kn1Lo60Qxc__2216250414727-0-cib.jpg?v=1790279515,https://cdn.shopify.com/s/files/1/1082/2968/9685/files/O1CN01ymwW8j1kn1LoJyYNn__2216250414727-0-cib.jpg?v=1790279516","DSFulfill","","6104649793667",""
"11638660104533-55103833243989","11638660104533","Purivelle FingerFlow – Holz-Massageroller für Finger & Hand - Holz beige","Kleine Massage für Finger und Hand. Der Holzroller mit zwei Walzen gleitet sanft über Finger, Handfläche und Handrücken – eine angenehme Wohlfühl-Pause nach langen Stunden am Schreibtisch oder Handy. Kompakt, geräuschlos und ideal für unterwegs. Hinweis: Wellness-Produkt, kein Medizinprodukt. Bei gesundheitlichen Beschwerden bitte ärztlichen Rat einholen.","in stock","new","27.99 EUR","https://purivelle.store/products/fingerflow-handroller?variant=55103833243989","https://cdn.shopify.com/s/files/1/1082/2968/9685/files/hf_20260924_201752_18bcaeb0-bb50-4427-ba02-bcc8c9552736.png?v=1790281293","https://cdn.shopify.com/s/files/1/1082/2968/9685/files/hf_20260924_201721_9cd9fbd8-fc7c-4993-ad71-7e0173b30b00.png?v=1790281292,https://cdn.shopify.com/s/files/1/1082/2968/9685/files/hf_20260924_201721_39f59a6d-4f8a-40fe-9d4c-4794a70483a7.png?v=1790281293,https://cdn.shopify.com/s/files/1/1082/2968/9685/files/hf_20260924_201721_61672355-215a-485e-9a27-54b5c0e644e6.png?v=1790281292,https://cdn.shopify.com/s/files/1/1082/2968/9685/files/hf_20260924_201833_4529bac5-7d36-436e-a978-e38d886a7933.png?v=1790281292,https://cdn.shopify.com/s/files/1/1082/2968/9685/files/hf_20260924_201833_c4fe89a0-a492-4c9f-a915-c59362587d88.png?v=1790281292,https://cdn.shopify.com/s/files/1/1082/2968/9685/files/hf_20260924_201752_25d66651-c961-4f51-8eee-61733e0781d8.png?v=1790281292,https://cdn.shopify.com/s/files/1/1082/2968/9685/files/O1CN01OSoRf81kn1Ljo3ncp__2216250414727-0-cib.jpg?v=1790279516,https://cdn.shopify.com/s/files/1/1082/2968/9685/files/O1CN0119GroJ1kn1LoaurRo__2216250414727-0-cib.jpg?v=1790279517,https://cdn.shopify.com/s/files/1/1082/2968/9685/files/O1CN019bZ5oZ1kn1Lo60Qxc__2216250414727-0-cib.jpg?v=1790279515,https://cdn.shopify.com/s/files/1/1082/2968/9685/files/O1CN01ymwW8j1kn1LoJyYNn__2216250414727-0-cib.jpg?v=1790279516","DSFulfill","","6104649793668",""
"11638225305941-55102216438101","11638225305941","Purivelle ThumbPoint – Daumen-Massagehelfer für die Selbstmassage - Daumen-Form (Grün)","Punktgenauer Druck – ganz ohne Kraftaufwand. Der kompakte Massagehelfer verlängert deinen Daumen: Du setzt ihn an Rücken, Nacken oder Schultern an und bestimmst Druck und Tempo selbst. So wird die Selbstmassage zwischendurch angenehm einfach. Handlich, leicht und immer griffbereit – für Schreibtisch, Sofa oder unterwegs. Hinweis: Wellness-Produkt, kein Medizinprodukt. Bei gesundheitlichen Beschwerden bitte ärztlichen Rat einholen.","in stock","new","24.99 EUR","https://purivelle.store/products/thumbpoint-massagehelfer?variant=55102216438101","https://cdn.shopify.com/s/files/1/1082/2968/9685/files/hf_20260924_201812_2a07ef64-34d8-499e-91dd-f93064b66e3c.png?v=1790281292","https://cdn.shopify.com/s/files/1/1082/2968/9685/files/hf_20260924_201752_97def9e1-06d5-4c76-aa26-cde5392b6fd3.png?v=1790281292,https://cdn.shopify.com/s/files/1/1082/2968/9685/files/hf_20260924_201833_02f49cfc-ff24-4167-8530-73b6ff61781b.png?v=1790281292,https://cdn.shopify.com/s/files/1/1082/2968/9685/files/hf_20260924_201832_0d771a38-1be6-4f48-a1e9-38f5a3fdf737.png?v=1790281292,https://cdn.shopify.com/s/files/1/1082/2968/9685/files/hf_20260924_201752_1003d188-0043-4138-b684-5b63a9d98150.png?v=1790281292,https://cdn.shopify.com/s/files/1/1082/2968/9685/files/hf_20260924_201812_214e8614-63ed-4138-8043-467abdbfedd7.png?v=1790281292,https://cdn.shopify.com/s/files/1/1082/2968/9685/files/hf_20260924_201812_eee8e36d-f2ff-49f7-85b1-cac23461cf1b.png?v=1790281292,https://cdn.shopify.com/s/files/1/1082/2968/9685/files/hf_20260924_201812_a130f056-dc10-418f-9a7e-0eef474d9665.png?v=1790281293,https://cdn.shopify.com/s/files/1/1082/2968/9685/files/O1CN01ao0y3g2EnQ9IMwtVx__2218366078789-0-cib.jpg?v=1790262107,https://cdn.shopify.com/s/files/1/1082/2968/9685/files/O1CN01IIom5P2EnQ9HOuj1C__2218366078789-0-cib.jpg?v=1790262107,https://cdn.shopify.com/s/files/1/1082/2968/9685/files/O1CN01AVWDhc2EnQ9HmGNG7__2218366078789-0-cib.jpg?v=1790262107","DSFulfill","","6042022661509",""
"11638225305941-55102216470869","11638225305941","Purivelle ThumbPoint – Daumen-Massagehelfer für die Selbstmassage - Pistolen-Griff","Punktgenauer Druck – ganz ohne Kraftaufwand. Der kompakte Massagehelfer verlängert deinen Daumen: Du setzt ihn an Rücken, Nacken oder Schultern an und bestimmst Druck und Tempo selbst. So wird die Selbstmassage zwischendurch angenehm einfach. Handlich, leicht und immer griffbereit – für Schreibtisch, Sofa oder unterwegs. Hinweis: Wellness-Produkt, kein Medizinprodukt. Bei gesundheitlichen Beschwerden bitte ärztlichen Rat einholen.","in stock","new","24.99 EUR","https://purivelle.store/products/thumbpoint-massagehelfer?variant=55102216470869","https://cdn.shopify.com/s/files/1/1082/2968/9685/files/hf_20260924_201812_eee8e36d-f2ff-49f7-85b1-cac23461cf1b.png?v=1790281292","https://cdn.shopify.com/s/files/1/1082/2968/9685/files/hf_20260924_201752_97def9e1-06d5-4c76-aa26-cde5392b6fd3.png?v=1790281292,https://cdn.shopify.com/s/files/1/1082/2968/9685/files/hf_20260924_201833_02f49cfc-ff24-4167-8530-73b6ff61781b.png?v=1790281292,https://cdn.shopify.com/s/files/1/1082/2968/9685/files/hf_20260924_201832_0d771a38-1be6-4f48-a1e9-38f5a3fdf737.png?v=1790281292,https://cdn.shopify.com/s/files/1/1082/2968/9685/files/hf_20260924_201752_1003d188-0043-4138-b684-5b63a9d98150.png?v=1790281292,https://cdn.shopify.com/s/files/1/1082/2968/9685/files/hf_20260924_201812_214e8614-63ed-4138-8043-467abdbfedd7.png?v=1790281292,https://cdn.shopify.com/s/files/1/1082/2968/9685/files/hf_20260924_201812_2a07ef64-34d8-499e-91dd-f93064b66e3c.png?v=1790281292,https://cdn.shopify.com/s/files/1/1082/2968/9685/files/hf_20260924_201812_a130f056-dc10-418f-9a7e-0eef474d9665.png?v=1790281293,https://cdn.shopify.com/s/files/1/1082/2968/9685/files/O1CN01ao0y3g2EnQ9IMwtVx__2218366078789-0-cib.jpg?v=1790262107,https://cdn.shopify.com/s/files/1/1082/2968/9685/files/O1CN01IIom5P2EnQ9HOuj1C__2218366078789-0-cib.jpg?v=1790262107,https://cdn.shopify.com/s/files/1/1082/2968/9685/files/O1CN01AVWDhc2EnQ9HmGNG7__2218366078789-0-cib.jpg?v=1790262107","DSFulfill","","6042022661510",""
"11638225305941-55102216503637","11638225305941","Purivelle ThumbPoint – Daumen-Massagehelfer für die Selbstmassage - Dreieck-Form","Punktgenauer Druck – ganz ohne Kraftaufwand. Der kompakte Massagehelfer verlängert deinen Daumen: Du setzt ihn an Rücken, Nacken oder Schultern an und bestimmst Druck und Tempo selbst. So wird die Selbstmassage zwischendurch angenehm einfach. Handlich, leicht und immer griffbereit – für Schreibtisch, Sofa oder unterwegs. Hinweis: Wellness-Produkt, kein Medizinprodukt. Bei gesundheitlichen Beschwerden bitte ärztlichen Rat einholen.","in stock","new","24.99 EUR","https://purivelle.store/products/thumbpoint-massagehelfer?variant=55102216503637","https://cdn.shopify.com/s/files/1/1082/2968/9685/files/hf_20260924_201812_a130f056-dc10-418f-9a7e-0eef474d9665.png?v=1790281293","https://cdn.shopify.com/s/files/1/1082/2968/9685/files/hf_20260924_201752_97def9e1-06d5-4c76-aa26-cde5392b6fd3.png?v=1790281292,https://cdn.shopify.com/s/files/1/1082/2968/9685/files/hf_20260924_201833_02f49cfc-ff24-4167-8530-73b6ff61781b.png?v=1790281292,https://cdn.shopify.com/s/files/1/1082/2968/9685/files/hf_20260924_201832_0d771a38-1be6-4f48-a1e9-38f5a3fdf737.png?v=1790281292,https://cdn.shopify.com/s/files/1/1082/2968/9685/files/hf_20260924_201752_1003d188-0043-4138-b684-5b63a9d98150.png?v=1790281292,https://cdn.shopify.com/s/files/1/1082/2968/9685/files/hf_20260924_201812_214e8614-63ed-4138-8043-467abdbfedd7.png?v=1790281292,https://cdn.shopify.com/s/files/1/1082/2968/9685/files/hf_20260924_201812_2a07ef64-34d8-499e-91dd-f93064b66e3c.png?v=1790281292,https://cdn.shopify.com/s/files/1/1082/2968/9685/files/hf_20260924_201812_eee8e36d-f2ff-49f7-85b1-cac23461cf1b.png?v=1790281292,https://cdn.shopify.com/s/files/1/1082/2968/9685/files/O1CN01ao0y3g2EnQ9IMwtVx__2218366078789-0-cib.jpg?v=1790262107,https://cdn.shopify.com/s/files/1/1082/2968/9685/files/O1CN01IIom5P2EnQ9HOuj1C__2218366078789-0-cib.jpg?v=1790262107,https://cdn.shopify.com/s/files/1/1082/2968/9685/files/O1CN01AVWDhc2EnQ9HmGNG7__2218366078789-0-cib.jpg?v=1790262107","DSFulfill","","6042022661511",""
"11627845255509-55061503672661","11627845255509","Purivelle DeepStick – Massagestab für gezielte Tiefenmassage - Pink-Blau","Gezielte Selbstmassage mit einem Griff. Der Massagestab mit texturierten Rollköpfen rollt über Waden, Oberschenkel, Arme und Nacken und erreicht Stellen, an die man mit den Händen allein schwer herankommt. Kompakt und leicht – für Zuhause, Fitnessstudio oder unterwegs. Hinweis: Wellness-Produkt, kein Medizinprodukt. Bei gesundheitlichen Beschwerden bitte ärztlichen Rat einholen.","in stock","new","42.99 EUR","https://purivelle.store/products/deepstick-massagestab?variant=55061503672661","https://cdn.shopify.com/s/files/1/1082/2968/9685/files/hf_20260922_020332_462c2303-56ae-4e37-9500-b0b535da5f74.png?v=1790043066","https://cdn.shopify.com/s/files/1/1082/2968/9685/files/hf_20260922_020501_12d98935-47e0-4181-ab11-568f4748f89e.png?v=1790043066,https://cdn.shopify.com/s/files/1/1082/2968/9685/files/hf_20260922_020501_0ceedcc0-74ca-4362-8b01-8efb74a2cb54.png?v=1790043066,https://cdn.shopify.com/s/files/1/1082/2968/9685/files/hf_20260922_020501_fb54b75c-a9b4-4cf9-8c9c-1cdb7f0b7f15.png?v=1790043066,https://cdn.shopify.com/s/files/1/1082/2968/9685/files/hf_20260922_020501_2295f768-ab24-4716-ba03-41204f10b2b4.png?v=1790043066,https://cdn.shopify.com/s/files/1/1082/2968/9685/files/hf_20260922_020550_92ecd84d-426e-4aaf-a4ed-ef4a14845cc0.png?v=1790043066,https://cdn.shopify.com/s/files/1/1082/2968/9685/files/hf_20260922_020550_d437a83a-5874-4a56-934c-7d78e925abf6.png?v=1790043066","Purivelle","","5169571155262","Massagewerkzeuge"
"11627845255509-55061503705429","11627845255509","Purivelle DeepStick – Massagestab für gezielte Tiefenmassage - Weiß-Puderrosa","Gezielte Selbstmassage mit einem Griff. Der Massagestab mit texturierten Rollköpfen rollt über Waden, Oberschenkel, Arme und Nacken und erreicht Stellen, an die man mit den Händen allein schwer herankommt. Kompakt und leicht – für Zuhause, Fitnessstudio oder unterwegs. Hinweis: Wellness-Produkt, kein Medizinprodukt. Bei gesundheitlichen Beschwerden bitte ärztlichen Rat einholen.","in stock","new","42.99 EUR","https://purivelle.store/products/deepstick-massagestab?variant=55061503705429","https://cdn.shopify.com/s/files/1/1082/2968/9685/files/hf_20260922_020332_462c2303-56ae-4e37-9500-b0b535da5f74.png?v=1790043066","https://cdn.shopify.com/s/files/1/1082/2968/9685/files/hf_20260922_020501_12d98935-47e0-4181-ab11-568f4748f89e.png?v=1790043066,https://cdn.shopify.com/s/files/1/1082/2968/9685/files/hf_20260922_020501_0ceedcc0-74ca-4362-8b01-8efb74a2cb54.png?v=1790043066,https://cdn.shopify.com/s/files/1/1082/2968/9685/files/hf_20260922_020501_fb54b75c-a9b4-4cf9-8c9c-1cdb7f0b7f15.png?v=1790043066,https://cdn.shopify.com/s/files/1/1082/2968/9685/files/hf_20260922_020501_2295f768-ab24-4716-ba03-41204f10b2b4.png?v=1790043066,https://cdn.shopify.com/s/files/1/1082/2968/9685/files/hf_20260922_020550_92ecd84d-426e-4aaf-a4ed-ef4a14845cc0.png?v=1790043066,https://cdn.shopify.com/s/files/1/1082/2968/9685/files/hf_20260922_020550_d437a83a-5874-4a56-934c-7d78e925abf6.png?v=1790043066","Purivelle","","5169571155257","Massagewerkzeuge"
"11627845255509-55061503738197","11627845255509","Purivelle DeepStick – Massagestab für gezielte Tiefenmassage - Weiß-Blau","Gezielte Selbstmassage mit einem Griff. Der Massagestab mit texturierten Rollköpfen rollt über Waden, Oberschenkel, Arme und Nacken und erreicht Stellen, an die man mit den Händen allein schwer herankommt. Kompakt und leicht – für Zuhause, Fitnessstudio oder unterwegs. Hinweis: Wellness-Produkt, kein Medizinprodukt. Bei gesundheitlichen Beschwerden bitte ärztlichen Rat einholen.","in stock","new","42.99 EUR","https://purivelle.store/products/deepstick-massagestab?variant=55061503738197","https://cdn.shopify.com/s/files/1/1082/2968/9685/files/hf_20260922_020332_462c2303-56ae-4e37-9500-b0b535da5f74.png?v=1790043066","https://cdn.shopify.com/s/files/1/1082/2968/9685/files/hf_20260922_020501_12d98935-47e0-4181-ab11-568f4748f89e.png?v=1790043066,https://cdn.shopify.com/s/files/1/1082/2968/9685/files/hf_20260922_020501_0ceedcc0-74ca-4362-8b01-8efb74a2cb54.png?v=1790043066,https://cdn.shopify.com/s/files/1/1082/2968/9685/files/hf_20260922_020501_fb54b75c-a9b4-4cf9-8c9c-1cdb7f0b7f15.png?v=1790043066,https://cdn.shopify.com/s/files/1/1082/2968/9685/files/hf_20260922_020501_2295f768-ab24-4716-ba03-41204f10b2b4.png?v=1790043066,https://cdn.shopify.com/s/files/1/1082/2968/9685/files/hf_20260922_020550_92ecd84d-426e-4aaf-a4ed-ef4a14845cc0.png?v=1790043066,https://cdn.shopify.com/s/files/1/1082/2968/9685/files/hf_20260922_020550_d437a83a-5874-4a56-934c-7d78e925abf6.png?v=1790043066","Purivelle","","5169571155258","Massagewerkzeuge"
"11627845255509-55061503770965","11627845255509","Purivelle DeepStick – Massagestab für gezielte Tiefenmassage - Puderrosa","Gezielte Selbstmassage mit einem Griff. Der Massagestab mit texturierten Rollköpfen rollt über Waden, Oberschenkel, Arme und Nacken und erreicht Stellen, an die man mit den Händen allein schwer herankommt. Kompakt und leicht – für Zuhause, Fitnessstudio oder unterwegs. Hinweis: Wellness-Produkt, kein Medizinprodukt. Bei gesundheitlichen Beschwerden bitte ärztlichen Rat einholen.","in stock","new","42.99 EUR","https://purivelle.store/products/deepstick-massagestab?variant=55061503770965","https://cdn.shopify.com/s/files/1/1082/2968/9685/files/hf_20260922_020332_462c2303-56ae-4e37-9500-b0b535da5f74.png?v=1790043066","https://cdn.shopify.com/s/files/1/1082/2968/9685/files/hf_20260922_020501_12d98935-47e0-4181-ab11-568f4748f89e.png?v=1790043066,https://cdn.shopify.com/s/files/1/1082/2968/9685/files/hf_20260922_020501_0ceedcc0-74ca-4362-8b01-8efb74a2cb54.png?v=1790043066,https://cdn.shopify.com/s/files/1/1082/2968/9685/files/hf_20260922_020501_fb54b75c-a9b4-4cf9-8c9c-1cdb7f0b7f15.png?v=1790043066,https://cdn.shopify.com/s/files/1/1082/2968/9685/files/hf_20260922_020501_2295f768-ab24-4716-ba03-41204f10b2b4.png?v=1790043066,https://cdn.shopify.com/s/files/1/1082/2968/9685/files/hf_20260922_020550_92ecd84d-426e-4aaf-a4ed-ef4a14845cc0.png?v=1790043066,https://cdn.shopify.com/s/files/1/1082/2968/9685/files/hf_20260922_020550_d437a83a-5874-4a56-934c-7d78e925abf6.png?v=1790043066","Purivelle","","5169571155261","Massagewerkzeuge"
"11627845255509-55061503803733","11627845255509","Purivelle DeepStick – Massagestab für gezielte Tiefenmassage - Weiß-Grün","Gezielte Selbstmassage mit einem Griff. Der Massagestab mit texturierten Rollköpfen rollt über Waden, Oberschenkel, Arme und Nacken und erreicht Stellen, an die man mit den Händen allein schwer herankommt. Kompakt und leicht – für Zuhause, Fitnessstudio oder unterwegs. Hinweis: Wellness-Produkt, kein Medizinprodukt. Bei gesundheitlichen Beschwerden bitte ärztlichen Rat einholen.","in stock","new","42.99 EUR","https://purivelle.store/products/deepstick-massagestab?variant=55061503803733","https://cdn.shopify.com/s/files/1/1082/2968/9685/files/hf_20260922_020332_462c2303-56ae-4e37-9500-b0b535da5f74.png?v=1790043066","https://cdn.shopify.com/s/files/1/1082/2968/9685/files/hf_20260922_020501_12d98935-47e0-4181-ab11-568f4748f89e.png?v=1790043066,https://cdn.shopify.com/s/files/1/1082/2968/9685/files/hf_20260922_020501_0ceedcc0-74ca-4362-8b01-8efb74a2cb54.png?v=1790043066,https://cdn.shopify.com/s/files/1/1082/2968/9685/files/hf_20260922_020501_fb54b75c-a9b4-4cf9-8c9c-1cdb7f0b7f15.png?v=1790043066,https://cdn.shopify.com/s/files/1/1082/2968/9685/files/hf_20260922_020501_2295f768-ab24-4716-ba03-41204f10b2b4.png?v=1790043066,https://cdn.shopify.com/s/files/1/1082/2968/9685/files/hf_20260922_020550_92ecd84d-426e-4aaf-a4ed-ef4a14845cc0.png?v=1790043066,https://cdn.shopify.com/s/files/1/1082/2968/9685/files/hf_20260922_020550_d437a83a-5874-4a56-934c-7d78e925abf6.png?v=1790043066","Purivelle","","5169571155259","Massagewerkzeuge"
"11627845255509-55061503836501","11627845255509","Purivelle DeepStick – Massagestab für gezielte Tiefenmassage - Weiß-Lila","Gezielte Selbstmassage mit einem Griff. Der Massagestab mit texturierten Rollköpfen rollt über Waden, Oberschenkel, Arme und Nacken und erreicht Stellen, an die man mit den Händen allein schwer herankommt. Kompakt und leicht – für Zuhause, Fitnessstudio oder unterwegs. Hinweis: Wellness-Produkt, kein Medizinprodukt. Bei gesundheitlichen Beschwerden bitte ärztlichen Rat einholen.","in stock","new","42.99 EUR","https://purivelle.store/products/deepstick-massagestab?variant=55061503836501","https://cdn.shopify.com/s/files/1/1082/2968/9685/files/hf_20260922_020332_462c2303-56ae-4e37-9500-b0b535da5f74.png?v=1790043066","https://cdn.shopify.com/s/files/1/1082/2968/9685/files/hf_20260922_020501_12d98935-47e0-4181-ab11-568f4748f89e.png?v=1790043066,https://cdn.shopify.com/s/files/1/1082/2968/9685/files/hf_20260922_020501_0ceedcc0-74ca-4362-8b01-8efb74a2cb54.png?v=1790043066,https://cdn.shopify.com/s/files/1/1082/2968/9685/files/hf_20260922_020501_fb54b75c-a9b4-4cf9-8c9c-1cdb7f0b7f15.png?v=1790043066,https://cdn.shopify.com/s/files/1/1082/2968/9685/files/hf_20260922_020501_2295f768-ab24-4716-ba03-41204f10b2b4.png?v=1790043066,https://cdn.shopify.com/s/files/1/1082/2968/9685/files/hf_20260922_020550_92ecd84d-426e-4aaf-a4ed-ef4a14845cc0.png?v=1790043066,https://cdn.shopify.com/s/files/1/1082/2968/9685/files/hf_20260922_020550_d437a83a-5874-4a56-934c-7d78e925abf6.png?v=1790043066","Purivelle","","5169571155260","Massagewerkzeuge"
"11627845255509-55061503869269","11627845255509","Purivelle DeepStick – Massagestab für gezielte Tiefenmassage - Weiß","Gezielte Selbstmassage mit einem Griff. Der Massagestab mit texturierten Rollköpfen rollt über Waden, Oberschenkel, Arme und Nacken und erreicht Stellen, an die man mit den Händen allein schwer herankommt. Kompakt und leicht – für Zuhause, Fitnessstudio oder unterwegs. Hinweis: Wellness-Produkt, kein Medizinprodukt. Bei gesundheitlichen Beschwerden bitte ärztlichen Rat einholen.","in stock","new","42.99 EUR","https://purivelle.store/products/deepstick-massagestab?variant=55061503869269","https://cdn.shopify.com/s/files/1/1082/2968/9685/files/hf_20260922_020332_462c2303-56ae-4e37-9500-b0b535da5f74.png?v=1790043066","https://cdn.shopify.com/s/files/1/1082/2968/9685/files/hf_20260922_020501_12d98935-47e0-4181-ab11-568f4748f89e.png?v=1790043066,https://cdn.shopify.com/s/files/1/1082/2968/9685/files/hf_20260922_020501_0ceedcc0-74ca-4362-8b01-8efb74a2cb54.png?v=1790043066,https://cdn.shopify.com/s/files/1/1082/2968/9685/files/hf_20260922_020501_fb54b75c-a9b4-4cf9-8c9c-1cdb7f0b7f15.png?v=1790043066,https://cdn.shopify.com/s/files/1/1082/2968/9685/files/hf_20260922_020501_2295f768-ab24-4716-ba03-41204f10b2b4.png?v=1790043066,https://cdn.shopify.com/s/files/1/1082/2968/9685/files/hf_20260922_020550_92ecd84d-426e-4aaf-a4ed-ef4a14845cc0.png?v=1790043066,https://cdn.shopify.com/s/files/1/1082/2968/9685/files/hf_20260922_020550_d437a83a-5874-4a56-934c-7d78e925abf6.png?v=1790043066","Purivelle","","5169571155256","Massagewerkzeuge"
"11627844272469-55061499576661","11627844272469","Purivelle TapRelax – Silikon-Klopfpaddel zur Selbstmassage - Blau","Lockeres Klopfen für zwischendurch. Das flexible Klopfpaddel aus Silikon ermöglicht eine lockere Klopfmassage an Rücken, Schultern und Beinen – so sanft oder kräftig, wie es dir angenehm ist. Leicht, biegsam und schnell zur Hand. Hinweis: Wellness-Produkt, kein Medizinprodukt. Bei gesundheitlichen Beschwerden bitte ärztlichen Rat einholen.","in stock","new","29.99 EUR","https://purivelle.store/products/taprelax-klopfpaddel?variant=55061499576661","https://cdn.shopify.com/s/files/1/1082/2968/9685/files/hf_20260922_020332_b63ea50d-fcf6-4583-bdef-e108cbd3a149.png?v=1790043016","https://cdn.shopify.com/s/files/1/1082/2968/9685/files/hf_20260922_020332_4e71bb2a-a1ed-4e16-b9f6-7684ce1c4797.png?v=1790043016,https://cdn.shopify.com/s/files/1/1082/2968/9685/files/hf_20260922_020332_75f152d8-a936-490f-a2f8-30cccc4f6148.png?v=1790043016","Purivelle","","5188730571556","Massagewerkzeuge"
"11627844272469-55061499609429","11627844272469","Purivelle TapRelax – Silikon-Klopfpaddel zur Selbstmassage - Pink","Lockeres Klopfen für zwischendurch. Das flexible Klopfpaddel aus Silikon ermöglicht eine lockere Klopfmassage an Rücken, Schultern und Beinen – so sanft oder kräftig, wie es dir angenehm ist. Leicht, biegsam und schnell zur Hand. Hinweis: Wellness-Produkt, kein Medizinprodukt. Bei gesundheitlichen Beschwerden bitte ärztlichen Rat einholen.","in stock","new","29.99 EUR","https://purivelle.store/products/taprelax-klopfpaddel?variant=55061499609429","https://cdn.shopify.com/s/files/1/1082/2968/9685/files/hf_20260922_020332_b63ea50d-fcf6-4583-bdef-e108cbd3a149.png?v=1790043016","https://cdn.shopify.com/s/files/1/1082/2968/9685/files/hf_20260922_020332_4e71bb2a-a1ed-4e16-b9f6-7684ce1c4797.png?v=1790043016,https://cdn.shopify.com/s/files/1/1082/2968/9685/files/hf_20260922_020332_75f152d8-a936-490f-a2f8-30cccc4f6148.png?v=1790043016","Purivelle","","5183856838035","Massagewerkzeuge"
"11627844272469-55061499642197","11627844272469","Purivelle TapRelax – Silikon-Klopfpaddel zur Selbstmassage - Grün","Lockeres Klopfen für zwischendurch. Das flexible Klopfpaddel aus Silikon ermöglicht eine lockere Klopfmassage an Rücken, Schultern und Beinen – so sanft oder kräftig, wie es dir angenehm ist. Leicht, biegsam und schnell zur Hand. Hinweis: Wellness-Produkt, kein Medizinprodukt. Bei gesundheitlichen Beschwerden bitte ärztlichen Rat einholen.","in stock","new","29.99 EUR","https://purivelle.store/products/taprelax-klopfpaddel?variant=55061499642197","https://cdn.shopify.com/s/files/1/1082/2968/9685/files/hf_20260922_020332_b63ea50d-fcf6-4583-bdef-e108cbd3a149.png?v=1790043016","https://cdn.shopify.com/s/files/1/1082/2968/9685/files/hf_20260922_020332_4e71bb2a-a1ed-4e16-b9f6-7684ce1c4797.png?v=1790043016,https://cdn.shopify.com/s/files/1/1082/2968/9685/files/hf_20260922_020332_75f152d8-a936-490f-a2f8-30cccc4f6148.png?v=1790043016","Purivelle","","5183856838037","Massagewerkzeuge"
"11627843551573-55061498003797","11627843551573","Purivelle RelaxRoll – Faszienrolle aus EPP-Hartschaum - Schwarz-Rot","Die Rolle für nach dem Training. Die Faszienrolle aus druckfestem EPP-Hartschaum eignet sich für die Selbstmassage von Rücken, Beinen und Gesäß – ob nach dem Sport oder nach einem langen Tag am Schreibtisch. Leicht, formstabil und einfach abzuwischen. Hinweis: Wellness-Produkt, kein Medizinprodukt. Bei gesundheitlichen Beschwerden bitte ärztlichen Rat einholen.","in stock","new","64.99 EUR","https://purivelle.store/products/relaxroll-faszienrolle?variant=55061498003797","https://cdn.shopify.com/s/files/1/1082/2968/9685/files/hf_20260922_020224_dd7177ba-04d5-4907-bcae-acfbbd20f1ae.png?v=1790043013","https://cdn.shopify.com/s/files/1/1082/2968/9685/files/hf_20260922_020224_1f7e3ffb-455f-410b-bd4d-ae3b463369cf.png?v=1790043013,https://cdn.shopify.com/s/files/1/1082/2968/9685/files/hf_20260922_020223_5917e0eb-5019-4dd5-a303-06d685dc21f2.png?v=1790043013,https://cdn.shopify.com/s/files/1/1082/2968/9685/files/hf_20260922_020223_9563d32f-3cb0-453a-b2a2-d8373d51474a.png?v=1790043013,https://cdn.shopify.com/s/files/1/1082/2968/9685/files/O1CN01LhJhJs2MRS26S5Wc7__2220500529824-0-cib.jpg?v=1789948407,https://cdn.shopify.com/s/files/1/1082/2968/9685/files/O1CN01xzCihJ2MRS26fYYJA__2220500529824-0-cib.jpg?v=1789948407","Purivelle","","6072988355233","Faszienrollen"
"11627843551573-55061498036565","11627843551573","Purivelle RelaxRoll – Faszienrolle aus EPP-Hartschaum - Schwarz-Blau","Die Rolle für nach dem Training. Die Faszienrolle aus druckfestem EPP-Hartschaum eignet sich für die Selbstmassage von Rücken, Beinen und Gesäß – ob nach dem Sport oder nach einem langen Tag am Schreibtisch. Leicht, formstabil und einfach abzuwischen. Hinweis: Wellness-Produkt, kein Medizinprodukt. Bei gesundheitlichen Beschwerden bitte ärztlichen Rat einholen.","in stock","new","64.99 EUR","https://purivelle.store/products/relaxroll-faszienrolle?variant=55061498036565","https://cdn.shopify.com/s/files/1/1082/2968/9685/files/hf_20260922_020224_dd7177ba-04d5-4907-bcae-acfbbd20f1ae.png?v=1790043013","https://cdn.shopify.com/s/files/1/1082/2968/9685/files/hf_20260922_020224_1f7e3ffb-455f-410b-bd4d-ae3b463369cf.png?v=1790043013,https://cdn.shopify.com/s/files/1/1082/2968/9685/files/hf_20260922_020223_5917e0eb-5019-4dd5-a303-06d685dc21f2.png?v=1790043013,https://cdn.shopify.com/s/files/1/1082/2968/9685/files/hf_20260922_020223_9563d32f-3cb0-453a-b2a2-d8373d51474a.png?v=1790043013,https://cdn.shopify.com/s/files/1/1082/2968/9685/files/O1CN01LhJhJs2MRS26S5Wc7__2220500529824-0-cib.jpg?v=1789948407,https://cdn.shopify.com/s/files/1/1082/2968/9685/files/O1CN01xzCihJ2MRS26fYYJA__2220500529824-0-cib.jpg?v=1789948407","Purivelle","","6072988355234","Faszienrollen"
"11627843551573-55061498069333","11627843551573","Purivelle RelaxRoll – Faszienrolle aus EPP-Hartschaum - Schwarz","Die Rolle für nach dem Training. Die Faszienrolle aus druckfestem EPP-Hartschaum eignet sich für die Selbstmassage von Rücken, Beinen und Gesäß – ob nach dem Sport oder nach einem langen Tag am Schreibtisch. Leicht, formstabil und einfach abzuwischen. Hinweis: Wellness-Produkt, kein Medizinprodukt. Bei gesundheitlichen Beschwerden bitte ärztlichen Rat einholen.","in stock","new","64.99 EUR","https://purivelle.store/products/relaxroll-faszienrolle?variant=55061498069333","https://cdn.shopify.com/s/files/1/1082/2968/9685/files/O1CN01LhJhJs2MRS26S5Wc7__2220500529824-0-cib.jpg?v=1789948407","https://cdn.shopify.com/s/files/1/1082/2968/9685/files/hf_20260922_020224_dd7177ba-04d5-4907-bcae-acfbbd20f1ae.png?v=1790043013,https://cdn.shopify.com/s/files/1/1082/2968/9685/files/hf_20260922_020224_1f7e3ffb-455f-410b-bd4d-ae3b463369cf.png?v=1790043013,https://cdn.shopify.com/s/files/1/1082/2968/9685/files/hf_20260922_020223_5917e0eb-5019-4dd5-a303-06d685dc21f2.png?v=1790043013,https://cdn.shopify.com/s/files/1/1082/2968/9685/files/hf_20260922_020223_9563d32f-3cb0-453a-b2a2-d8373d51474a.png?v=1790043013,https://cdn.shopify.com/s/files/1/1082/2968/9685/files/O1CN01xzCihJ2MRS26fYYJA__2220500529824-0-cib.jpg?v=1789948407","Purivelle","","6072988355235","Faszienrollen"
"11627843551573-55061498102101","11627843551573","Purivelle RelaxRoll – Faszienrolle aus EPP-Hartschaum - Schwarz-Grün","Die Rolle für nach dem Training. Die Faszienrolle aus druckfestem EPP-Hartschaum eignet sich für die Selbstmassage von Rücken, Beinen und Gesäß – ob nach dem Sport oder nach einem langen Tag am Schreibtisch. Leicht, formstabil und einfach abzuwischen. Hinweis: Wellness-Produkt, kein Medizinprodukt. Bei gesundheitlichen Beschwerden bitte ärztlichen Rat einholen.","in stock","new","64.99 EUR","https://purivelle.store/products/relaxroll-faszienrolle?variant=55061498102101","https://cdn.shopify.com/s/files/1/1082/2968/9685/files/O1CN01xzCihJ2MRS26fYYJA__2220500529824-0-cib.jpg?v=1789948407","https://cdn.shopify.com/s/files/1/1082/2968/9685/files/hf_20260922_020224_dd7177ba-04d5-4907-bcae-acfbbd20f1ae.png?v=1790043013,https://cdn.shopify.com/s/files/1/1082/2968/9685/files/hf_20260922_020224_1f7e3ffb-455f-410b-bd4d-ae3b463369cf.png?v=1790043013,https://cdn.shopify.com/s/files/1/1082/2968/9685/files/hf_20260922_020223_5917e0eb-5019-4dd5-a303-06d685dc21f2.png?v=1790043013,https://cdn.shopify.com/s/files/1/1082/2968/9685/files/hf_20260922_020223_9563d32f-3cb0-453a-b2a2-d8373d51474a.png?v=1790043013,https://cdn.shopify.com/s/files/1/1082/2968/9685/files/O1CN01LhJhJs2MRS26S5Wc7__2220500529824-0-cib.jpg?v=1789948407","Purivelle","","6072988355236","Faszienrollen"
"11627838177621-55061483520341","11627838177621","Purivelle WarmEase – Wärmende Nackenbandage mit Magneten - 19 Magnete","Wärme für den Nacken – ohne Kabel. Die atmungsaktive Nackenbandage mit eingearbeiteten Magnetelementen (je nach Variante 5, 13 oder 19) liegt angenehm am Nacken an und hält ihn warm – ganz ohne Kabel oder Akku. Einfach anlegen – an kühlen Tagen, am Schreibtisch oder nach dem Sport. Hinweis: Wellness-Produkt, kein Medizinprodukt. Bei gesundheitlichen Beschwerden bitte ärztlichen Rat einholen.","in stock","new","58.99 EUR","https://purivelle.store/products/warmease-nackenbandage?variant=55061483520341","https://cdn.shopify.com/s/files/1/1082/2968/9685/files/hf_20260922_012710_ad8687e9-ee3f-4a02-b58f-31c9aeac93ed.png?v=1790040654","https://cdn.shopify.com/s/files/1/1082/2968/9685/files/hf_20260922_135926_5c9d0b4d-ca9c-431b-9f13-aa72c72afbef.png?v=1790086126,https://cdn.shopify.com/s/files/1/1082/2968/9685/files/hf_20260922_135927_eb5ffdf8-95b2-4b52-8cb1-50c41958cfda.png?v=1790086126","Purivelle","","6110195206561","Nackenwärmer"
"11627838177621-55061483553109","11627838177621","Purivelle WarmEase – Wärmende Nackenbandage mit Magneten - 13 Magnete","Wärme für den Nacken – ohne Kabel. Die atmungsaktive Nackenbandage mit eingearbeiteten Magnetelementen (je nach Variante 5, 13 oder 19) liegt angenehm am Nacken an und hält ihn warm – ganz ohne Kabel oder Akku. Einfach anlegen – an kühlen Tagen, am Schreibtisch oder nach dem Sport. Hinweis: Wellness-Produkt, kein Medizinprodukt. Bei gesundheitlichen Beschwerden bitte ärztlichen Rat einholen.","in stock","new","58.99 EUR","https://purivelle.store/products/warmease-nackenbandage?variant=55061483553109","https://cdn.shopify.com/s/files/1/1082/2968/9685/files/hf_20260922_012710_ad8687e9-ee3f-4a02-b58f-31c9aeac93ed.png?v=1790040654","https://cdn.shopify.com/s/files/1/1082/2968/9685/files/hf_20260922_135926_5c9d0b4d-ca9c-431b-9f13-aa72c72afbef.png?v=1790086126,https://cdn.shopify.com/s/files/1/1082/2968/9685/files/hf_20260922_135927_eb5ffdf8-95b2-4b52-8cb1-50c41958cfda.png?v=1790086126","Purivelle","","6110195206562","Nackenwärmer"
"11627838177621-55061483585877","11627838177621","Purivelle WarmEase – Wärmende Nackenbandage mit Magneten - 5 Magnete","Wärme für den Nacken – ohne Kabel. Die atmungsaktive Nackenbandage mit eingearbeiteten Magnetelementen (je nach Variante 5, 13 oder 19) liegt angenehm am Nacken an und hält ihn warm – ganz ohne Kabel oder Akku. Einfach anlegen – an kühlen Tagen, am Schreibtisch oder nach dem Sport. Hinweis: Wellness-Produkt, kein Medizinprodukt. Bei gesundheitlichen Beschwerden bitte ärztlichen Rat einholen.","in stock","new","58.99 EUR","https://purivelle.store/products/warmease-nackenbandage?variant=55061483585877","https://cdn.shopify.com/s/files/1/1082/2968/9685/files/hf_20260922_012710_ad8687e9-ee3f-4a02-b58f-31c9aeac93ed.png?v=1790040654","https://cdn.shopify.com/s/files/1/1082/2968/9685/files/hf_20260922_135926_5c9d0b4d-ca9c-431b-9f13-aa72c72afbef.png?v=1790086126,https://cdn.shopify.com/s/files/1/1082/2968/9685/files/hf_20260922_135927_eb5ffdf8-95b2-4b52-8cb1-50c41958cfda.png?v=1790086126","Purivelle","","5953690725754","Nackenwärmer"
"11627824906581-55061448753493","11627824906581","Purivelle SculptRoll – Massageroller für Faszien & Körper - Grün","Selbstmassage mit Tiefgang. Der Massageroller mit strukturierter Oberfläche rollt über Beine, Arme, Rücken und Po – mit so viel Druck, wie es sich für dich angenehm anfühlt. Ideal nach dem Sport oder als kleines Wohlfühl-Ritual zwischendurch. Hinweis: Wellness-Produkt, kein Medizinprodukt. Bei gesundheitlichen Beschwerden bitte ärztlichen Rat einholen.","in stock","new","44.99 EUR","https://purivelle.store/products/sculptroll-massageroller?variant=55061448753493","https://cdn.shopify.com/s/files/1/1082/2968/9685/files/hf_20260922_015423_4fb54e8c-1160-4a56-a27d-88f063a48ca2.png?v=1790042400","https://cdn.shopify.com/s/files/1/1082/2968/9685/files/hf_20260922_015423_bae05a25-4115-454d-8644-92b043055668.png?v=1790042400","Purivelle","","6057500073349","Massagegeräte"
"11627824906581-55061448786261","11627824906581","Purivelle SculptRoll – Massageroller für Faszien & Körper - Gelb","Selbstmassage mit Tiefgang. Der Massageroller mit strukturierter Oberfläche rollt über Beine, Arme, Rücken und Po – mit so viel Druck, wie es sich für dich angenehm anfühlt. Ideal nach dem Sport oder als kleines Wohlfühl-Ritual zwischendurch. Hinweis: Wellness-Produkt, kein Medizinprodukt. Bei gesundheitlichen Beschwerden bitte ärztlichen Rat einholen.","in stock","new","44.99 EUR","https://purivelle.store/products/sculptroll-massageroller?variant=55061448786261","https://cdn.shopify.com/s/files/1/1082/2968/9685/files/hf_20260922_015423_4fb54e8c-1160-4a56-a27d-88f063a48ca2.png?v=1790042400","https://cdn.shopify.com/s/files/1/1082/2968/9685/files/hf_20260922_015423_bae05a25-4115-454d-8644-92b043055668.png?v=1790042400","Purivelle","","6057500073350","Massagegeräte"
"11627822186837-55061442560341","11627822186837","Purivelle PointFlow – Silikon-Faszienball für Fuß, Nacken & Ganzkörper - Gelb","Klein, handlich, vielseitig. Der Faszienball aus robustem Vollsilikon eignet sich für die Selbstmassage von Fußsohle, Nacken, Schultern und anderen Körperpartien. Einfach auf den Boden oder an die Wand legen und mit dem Druck darüber rollen, der sich für dich angenehm anfühlt. Kompakt genug für Schreibtisch, Sporttasche und Reise. Hinweis: Wellness-Produkt, kein Medizinprodukt. Bei gesundheitlichen Beschwerden bitte ärztlichen Rat einholen.","in stock","new","39.99 EUR","https://purivelle.store/products/pointflow-faszienball?variant=55061442560341","https://cdn.shopify.com/s/files/1/1082/2968/9685/files/hf_20260922_015255_ba17636d-002c-4cf3-9ceb-d214a1b9aef6.png?v=1790042292","https://cdn.shopify.com/s/files/1/1082/2968/9685/files/hf_20260922_015256_1c0c496f-bb3b-420d-9ba4-b63a6718b6aa.png?v=1790042291,https://cdn.shopify.com/s/files/1/1082/2968/9685/files/hf_20260922_015255_2b6b4e4d-6517-4fa7-8746-bcc296bbcc7b.png?v=1790042291,https://cdn.shopify.com/s/files/1/1082/2968/9685/files/hf_20260922_015255_879a79de-d6dc-44a4-9dbd-09c5c79e0887.png?v=1790042291,https://cdn.shopify.com/s/files/1/1082/2968/9685/files/hf_20260922_015423_6e45db84-82e6-4949-84fc-f1a40307049d.png?v=1790042291","Purivelle","","6174724987688","Massagebälle"
"11627822186837-55061442593109","11627822186837","Purivelle PointFlow – Silikon-Faszienball für Fuß, Nacken & Ganzkörper - Pink","Klein, handlich, vielseitig. Der Faszienball aus robustem Vollsilikon eignet sich für die Selbstmassage von Fußsohle, Nacken, Schultern und anderen Körperpartien. Einfach auf den Boden oder an die Wand legen und mit dem Druck darüber rollen, der sich für dich angenehm anfühlt. Kompakt genug für Schreibtisch, Sporttasche und Reise. Hinweis: Wellness-Produkt, kein Medizinprodukt. Bei gesundheitlichen Beschwerden bitte ärztlichen Rat einholen.","in stock","new","39.99 EUR","https://purivelle.store/products/pointflow-faszienball?variant=55061442593109","https://cdn.shopify.com/s/files/1/1082/2968/9685/files/hf_20260922_015255_ba17636d-002c-4cf3-9ceb-d214a1b9aef6.png?v=1790042292","https://cdn.shopify.com/s/files/1/1082/2968/9685/files/hf_20260922_015256_1c0c496f-bb3b-420d-9ba4-b63a6718b6aa.png?v=1790042291,https://cdn.shopify.com/s/files/1/1082/2968/9685/files/hf_20260922_015255_2b6b4e4d-6517-4fa7-8746-bcc296bbcc7b.png?v=1790042291,https://cdn.shopify.com/s/files/1/1082/2968/9685/files/hf_20260922_015255_879a79de-d6dc-44a4-9dbd-09c5c79e0887.png?v=1790042291,https://cdn.shopify.com/s/files/1/1082/2968/9685/files/hf_20260922_015423_6e45db84-82e6-4949-84fc-f1a40307049d.png?v=1790042291","Purivelle","","6174724987689","Massagebälle"
"11627822186837-55061442625877","11627822186837","Purivelle PointFlow – Silikon-Faszienball für Fuß, Nacken & Ganzkörper - Grün","Klein, handlich, vielseitig. Der Faszienball aus robustem Vollsilikon eignet sich für die Selbstmassage von Fußsohle, Nacken, Schultern und anderen Körperpartien. Einfach auf den Boden oder an die Wand legen und mit dem Druck darüber rollen, der sich für dich angenehm anfühlt. Kompakt genug für Schreibtisch, Sporttasche und Reise. Hinweis: Wellness-Produkt, kein Medizinprodukt. Bei gesundheitlichen Beschwerden bitte ärztlichen Rat einholen.","in stock","new","39.99 EUR","https://purivelle.store/products/pointflow-faszienball?variant=55061442625877","https://cdn.shopify.com/s/files/1/1082/2968/9685/files/hf_20260922_015255_ba17636d-002c-4cf3-9ceb-d214a1b9aef6.png?v=1790042292","https://cdn.shopify.com/s/files/1/1082/2968/9685/files/hf_20260922_015256_1c0c496f-bb3b-420d-9ba4-b63a6718b6aa.png?v=1790042291,https://cdn.shopify.com/s/files/1/1082/2968/9685/files/hf_20260922_015255_2b6b4e4d-6517-4fa7-8746-bcc296bbcc7b.png?v=1790042291,https://cdn.shopify.com/s/files/1/1082/2968/9685/files/hf_20260922_015255_879a79de-d6dc-44a4-9dbd-09c5c79e0887.png?v=1790042291,https://cdn.shopify.com/s/files/1/1082/2968/9685/files/hf_20260922_015423_6e45db84-82e6-4949-84fc-f1a40307049d.png?v=1790042291","Purivelle","","6174724987690","Massagebälle"
"11627822186837-55061442658645","11627822186837","Purivelle PointFlow – Silikon-Faszienball für Fuß, Nacken & Ganzkörper - Blau","Klein, handlich, vielseitig. Der Faszienball aus robustem Vollsilikon eignet sich für die Selbstmassage von Fußsohle, Nacken, Schultern und anderen Körperpartien. Einfach auf den Boden oder an die Wand legen und mit dem Druck darüber rollen, der sich für dich angenehm anfühlt. Kompakt genug für Schreibtisch, Sporttasche und Reise. Hinweis: Wellness-Produkt, kein Medizinprodukt. Bei gesundheitlichen Beschwerden bitte ärztlichen Rat einholen.","in stock","new","39.99 EUR","https://purivelle.store/products/pointflow-faszienball?variant=55061442658645","https://cdn.shopify.com/s/files/1/1082/2968/9685/files/hf_20260922_015255_ba17636d-002c-4cf3-9ceb-d214a1b9aef6.png?v=1790042292","https://cdn.shopify.com/s/files/1/1082/2968/9685/files/hf_20260922_015256_1c0c496f-bb3b-420d-9ba4-b63a6718b6aa.png?v=1790042291,https://cdn.shopify.com/s/files/1/1082/2968/9685/files/hf_20260922_015255_2b6b4e4d-6517-4fa7-8746-bcc296bbcc7b.png?v=1790042291,https://cdn.shopify.com/s/files/1/1082/2968/9685/files/hf_20260922_015255_879a79de-d6dc-44a4-9dbd-09c5c79e0887.png?v=1790042291,https://cdn.shopify.com/s/files/1/1082/2968/9685/files/hf_20260922_015423_6e45db84-82e6-4949-84fc-f1a40307049d.png?v=1790042291","Purivelle","","6174724987691","Massagebälle"
"11627822186837-55061442691413","11627822186837","Purivelle PointFlow – Silikon-Faszienball für Fuß, Nacken & Ganzkörper - Lila","Klein, handlich, vielseitig. Der Faszienball aus robustem Vollsilikon eignet sich für die Selbstmassage von Fußsohle, Nacken, Schultern und anderen Körperpartien. Einfach auf den Boden oder an die Wand legen und mit dem Druck darüber rollen, der sich für dich angenehm anfühlt. Kompakt genug für Schreibtisch, Sporttasche und Reise. Hinweis: Wellness-Produkt, kein Medizinprodukt. Bei gesundheitlichen Beschwerden bitte ärztlichen Rat einholen.","in stock","new","39.99 EUR","https://purivelle.store/products/pointflow-faszienball?variant=55061442691413","https://cdn.shopify.com/s/files/1/1082/2968/9685/files/hf_20260922_015255_ba17636d-002c-4cf3-9ceb-d214a1b9aef6.png?v=1790042292","https://cdn.shopify.com/s/files/1/1082/2968/9685/files/hf_20260922_015256_1c0c496f-bb3b-420d-9ba4-b63a6718b6aa.png?v=1790042291,https://cdn.shopify.com/s/files/1/1082/2968/9685/files/hf_20260922_015255_2b6b4e4d-6517-4fa7-8746-bcc296bbcc7b.png?v=1790042291,https://cdn.shopify.com/s/files/1/1082/2968/9685/files/hf_20260922_015255_879a79de-d6dc-44a4-9dbd-09c5c79e0887.png?v=1790042291,https://cdn.shopify.com/s/files/1/1082/2968/9685/files/hf_20260922_015423_6e45db84-82e6-4949-84fc-f1a40307049d.png?v=1790042291","Purivelle","","6174724987692","Massagebälle"
